date,value,unit,commodity
2024-01-01,4494.76543,Dollar per Metric Ton,Coffee
2023-12-01,4636.5523344,Dollar per Metric Ton,Coffee
2023-11-01,4352.656589,Dollar per Metric Ton,Coffee
2023-10-01,4055.4333751,Dollar per Metric Ton,Coffee
2023-09-01,4047.4456746,Dollar per Metric Ton,Coffee
2023-08-01,4108.2471581,Dollar per Metric Ton,Coffee
2023-07-01,4265.8187945,Dollar per Metric Ton,Coffee
2023-06-01,4572.0566243,Dollar per Metric Ton,Coffee
2023-05-01,4852.8440701,Dollar per Metric Ton,Coffee
2023-04-01,5069.6509732,Dollar per Metric Ton,Coffee
2023-03-01,4908.8989967,Dollar per Metric Ton,Coffee
2023-02-01,5059.7411945,Dollar per Metric Ton,Coffee
2023-01-01,4558.2777329,Dollar per Metric Ton,Coffee
2022-12-01,4638.2754719,Dollar per Metric Ton,Coffee
2022-11-01,4711.679383,Dollar per Metric Ton,Coffee
2022-10-01,5292.9104826,Dollar per Metric Ton,Coffee
2022-09-01,5897.1951556,Dollar per Metric Ton,Coffee
2022-08-01,5919.0474985,Dollar per Metric Ton,Coffee
2022-07-01,5641.7762649,Dollar per Metric Ton,Coffee
2022-06-01,6035.4550585,Dollar per Metric Ton,Coffee
2022-05-01,5741.9295986,Dollar per Metric Ton,Coffee
2022-04-01,5851.0159463,Dollar per Metric Ton,Coffee
2022-03-01,5709.8288117,Dollar per Metric Ton,Coffee
2022-02-01,6169.2726445,Dollar per Metric Ton,Coffee
2022-01-01,5976.3224985,Dollar per Metric Ton,Coffee
2021-12-01,5915.6447098,Dollar per Metric Ton,Coffee
2021-11-01,5709.4915816,Dollar per Metric Ton,Coffee
2021-10-01,5314.7572412,Dollar per Metric Ton,Coffee
2021-09-01,4972.2357146,Dollar per Metric Ton,Coffee
2021-08-01,4771.5649516,Dollar per Metric Ton,Coffee
2021-07-01,4508.4733039,Dollar per Metric Ton,Coffee
2021-06-01,4234.2984186,Dollar per Metric Ton,Coffee
2021-05-01,4110.802329,Dollar per Metric Ton,Coffee
2021-04-01,3718.0659895,Dollar per Metric Ton,Coffee
2021-03-01,3682.8412612,Dollar per Metric Ton,Coffee
2021-02-01,3669.1313833,Dollar per Metric Ton,Coffee
2021-01-01,3545.463602,Dollar per Metric Ton,Coffee
2020-12-01,3482.2589432,Dollar per Metric Ton,Coffee
2020-11-01,3322.9436928,Dollar per Metric Ton,Coffee
2020-10-01,3352.2790121,Dollar per Metric Ton,Coffee
2020-09-01,3672.1196501,Dollar per Metric Ton,Coffee
2020-08-01,3595.1096047,Dollar per Metric Ton,Coffee
2020-07-01,3235.9642557,Dollar per Metric Ton,Coffee
2020-06-01,3119.9819344,Dollar per Metric Ton,Coffee
2020-05-01,3305.0862496,Dollar per Metric Ton,Coffee
2020-04-01,3409.0179802,Dollar per Metric Ton,Coffee
2020-03-01,3270.0566083,Dollar per Metric Ton,Coffee
2020-02-01,2987.2746757,Dollar per Metric Ton,Coffee
2020-01-01,3151.2108923,Dollar per Metric Ton,Coffee
2019-12-01,3439.8526346,Dollar per Metric Ton,Coffee
2019-11-01,3108.1084675,Dollar per Metric Ton,Coffee
2019-10-01,2801.001796,Dollar per Metric Ton,Coffee
2019-09-01,2841.6325808,Dollar per Metric Ton,Coffee
2019-08-01,2783.9874269,Dollar per Metric Ton,Coffee
2019-07-01,2986.6118515,Dollar per Metric Ton,Coffee
2019-06-01,2859.9136269,Dollar per Metric Ton,Coffee
2019-05-01,2657.6533992,Dollar per Metric Ton,Coffee
2019-04-01,2667.3829302,Dollar per Metric Ton,Coffee
2019-03-01,2731.275471,Dollar per Metric Ton,Coffee
2019-02-01,2831.9259427,Dollar per Metric Ton,Coffee
2019-01-01,2829.7960854,Dollar per Metric Ton,Coffee
2018-12-01,2801.1620081,Dollar per Metric Ton,Coffee
2018-11-01,3022.7079724,Dollar per Metric Ton,Coffee
2018-10-01,3027.8670494,Dollar per Metric Ton,Coffee
2018-09-01,2671.5616932,Dollar per Metric Ton,Coffee
2018-08-01,2760.4271562,Dollar per Metric Ton,Coffee
2018-07-01,2879.2070819,Dollar per Metric Ton,Coffee
2018-06-01,2954.9396852,Dollar per Metric Ton,Coffee
2018-05-01,2989.6791518,Dollar per Metric Ton,Coffee
2018-04-01,2961.6795318,Dollar per Metric Ton,Coffee
2018-03-01,2974.8977237,Dollar per Metric Ton,Coffee
2018-02-01,3004.5368708,Dollar per Metric Ton,Coffee
2018-01-01,3061.6936303,Dollar per Metric Ton,Coffee
2017-12-01,3027.083337,Dollar per Metric Ton,Coffee
2017-11-01,3106.4034631,Dollar per Metric Ton,Coffee
2017-10-01,3102.1144712,Dollar per Metric Ton,Coffee
2017-09-01,3231.105413,Dollar per Metric Ton,Coffee
2017-08-01,3304.2308736,Dollar per Metric Ton,Coffee
2017-07-01,3302.5876758,Dollar per Metric Ton,Coffee
2017-06-01,3157.5206457,Dollar per Metric Ton,Coffee
2017-05-01,3306.9339328,Dollar per Metric Ton,Coffee
2017-04-01,3429.8195977,Dollar per Metric Ton,Coffee
2017-03-01,3530.7127146,Dollar per Metric Ton,Coffee
2017-02-01,3667.4117777,Dollar per Metric Ton,Coffee
2017-01-01,3717.2743294,Dollar per Metric Ton,Coffee
2016-12-01,3566.6585199,Dollar per Metric Ton,Coffee
2016-11-01,4059.0509602,Dollar per Metric Ton,Coffee
2016-10-01,3945.2876621,Dollar per Metric Ton,Coffee
2016-09-01,3886.6494712,Dollar per Metric Ton,Coffee
2016-08-01,3693.6534955,Dollar per Metric Ton,Coffee
2016-07-01,3786.7438004,Dollar per Metric Ton,Coffee
2016-06-01,3647.5982323,Dollar per Metric Ton,Coffee
2016-05-01,3421.454058,Dollar per Metric Ton,Coffee
2016-04-01,3399.9165154,Dollar per Metric Ton,Coffee
2016-03-01,3475.1753937,Dollar per Metric Ton,Coffee
2016-02-01,3256.1646242,Dollar per Metric Ton,Coffee
2016-01-01,3206.2876609,Dollar per Metric Ton,Coffee
2015-12-01,3276.3376046,Dollar per Metric Ton,Coffee
2015-11-01,3262.3690606,Dollar per Metric Ton,Coffee
2015-10-01,3378.594188,Dollar per Metric Ton,Coffee
2015-09-01,3221.9858151,Dollar per Metric Ton,Coffee
2015-08-01,3459.5673049,Dollar per Metric Ton,Coffee
2015-07-01,3404.9629561,Dollar per Metric Ton,Coffee
2015-06-01,3521.9948695,Dollar per Metric Ton,Coffee
2015-05-01,3493.9489194,Dollar per Metric Ton,Coffee
2015-04-01,3615.5309954,Dollar per Metric Ton,Coffee
2015-03-01,3543.6202135,Dollar per Metric Ton,Coffee
2015-02-01,3943.8163389,Dollar per Metric Ton,Coffee
2015-01-01,4180.5457089,Dollar per Metric Ton,Coffee
2014-12-01,4263.4334215,Dollar per Metric Ton,Coffee
2014-11-01,4615.9506607,Dollar per Metric Ton,Coffee
2014-10-01,4966.6984522,Dollar per Metric Ton,Coffee
2014-09-01,4641.3118369,Dollar per Metric Ton,Coffee
2014-08-01,4695.0798158,Dollar per Metric Ton,Coffee
2014-07-01,4340.7965041,Dollar per Metric Ton,Coffee
2014-06-01,4362.7487032,Dollar per Metric Ton,Coffee
2014-05-01,4722.3617827,Dollar per Metric Ton,Coffee
2014-04-01,4927.2012865,Dollar per Metric Ton,Coffee
2014-03-01,4719.8030844,Dollar per Metric Ton,Coffee
2014-02-01,3828.1838824,Dollar per Metric Ton,Coffee
2014-01-01,2921.5275579,Dollar per Metric Ton,Coffee
2013-12-01,2771.9922736,Dollar per Metric Ton,Coffee
2013-11-01,2690.0385295,Dollar per Metric Ton,Coffee
2013-10-01,2837.3205594,Dollar per Metric Ton,Coffee
2013-09-01,2916.3062994,Dollar per Metric Ton,Coffee
2013-08-01,2979.6376623,Dollar per Metric Ton,Coffee
2013-07-01,3050.9197344,Dollar per Metric Ton,Coffee
2013-06-01,3048.1002139,Dollar per Metric Ton,Coffee
2013-05-01,3244.8977702,Dollar per Metric Ton,Coffee
2013-04-01,3302.2340786,Dollar per Metric Ton,Coffee
2013-03-01,3302.7031561,Dollar per Metric Ton,Coffee
2013-02-01,3295.0069244,Dollar per Metric Ton,Coffee
2013-01-01,3462.0818534,Dollar per Metric Ton,Coffee
2012-12-01,3366.6267138,Dollar per Metric Ton,Coffee
2012-11-01,3525.3318657,Dollar per Metric Ton,Coffee
2012-10-01,3820.9944162,Dollar per Metric Ton,Coffee
2012-09-01,3945.7674299,Dollar per Metric Ton,Coffee
2012-08-01,3854.2171201,Dollar per Metric Ton,Coffee
2012-07-01,4198.6135944,Dollar per Metric Ton,Coffee
2012-06-01,3718.9044141,Dollar per Metric Ton,Coffee
2012-05-01,4064.5477039,Dollar per Metric Ton,Coffee
2012-04-01,4220.7185143,Dollar per Metric Ton,Coffee
2012-03-01,4436.9332998,Dollar per Metric Ton,Coffee
2012-02-01,4941.8295771,Dollar per Metric Ton,Coffee
2012-01-01,5229.5151746,Dollar per Metric Ton,Coffee
2011-12-01,5209.473151,Dollar per Metric Ton,Coffee
2011-11-01,5403.2494572,Dollar per Metric Ton,Coffee
2011-10-01,5463.5797666,Dollar per Metric Ton,Coffee
2011-09-01,6060.0766829,Dollar per Metric Ton,Coffee
2011-08-01,5962.1910042,Dollar per Metric Ton,Coffee
2011-07-01,5908.8610463,Dollar per Metric Ton,Coffee
2011-06-01,6062.2913278,Dollar per Metric Ton,Coffee
2011-05-01,6416.9048765,Dollar per Metric Ton,Coffee
2011-04-01,6624.3870659,Dollar per Metric Ton,Coffee
2011-03-01,6438.9837796,Dollar per Metric Ton,Coffee
2011-02-01,6357.8781098,Dollar per Metric Ton,Coffee
2011-01-01,5815.0386061,Dollar per Metric Ton,Coffee
2010-12-01,5499.2969348,Dollar per Metric Ton,Coffee
2010-11-01,5148.074411,Dollar per Metric Ton,Coffee
2010-10-01,4793.7104321,Dollar per Metric Ton,Coffee
2010-09-01,4909.9851878,Dollar per Metric Ton,Coffee
2010-08-01,4664.7610056,Dollar per Metric Ton,Coffee
2010-07-01,4480.0937988,Dollar per Metric Ton,Coffee
2010-06-01,4208.6947318,Dollar per Metric Ton,Coffee
2010-05-01,3822.1332427,Dollar per Metric Ton,Coffee
2010-04-01,3734.4002391,Dollar per Metric Ton,Coffee
2010-03-01,3626.6617249,Dollar per Metric Ton,Coffee
2010-02-01,3480.1401091,Dollar per Metric Ton,Coffee
2010-01-01,3497.7597683,Dollar per Metric Ton,Coffee
2009-12-01,3482.0672358,Dollar per Metric Ton,Coffee
2009-11-01,3355.6665911,Dollar per Metric Ton,Coffee
2009-10-01,3407.735291,Dollar per Metric Ton,Coffee
2009-09-01,3274.0850557,Dollar per Metric Ton,Coffee
2009-08-01,3301.6848321,Dollar per Metric Ton,Coffee
2009-07-01,3106.2653479,Dollar per Metric Ton,Coffee
2009-06-01,3302.1138252,Dollar per Metric Ton,Coffee
2009-05-01,3317.7890757,Dollar per Metric Ton,Coffee
2009-04-01,2977.9641531,Dollar per Metric Ton,Coffee
2009-03-01,2833.3809936,Dollar per Metric Ton,Coffee
2009-02-01,2854.5784401,Dollar per Metric Ton,Coffee
2009-01-01,2817.6680463,Dollar per Metric Ton,Coffee
2008-12-01,2618.9191388,Dollar per Metric Ton,Coffee
2008-11-01,2687.1263289,Dollar per Metric Ton,Coffee
2008-10-01,2724.6260007,Dollar per Metric Ton,Coffee
2008-09-01,3158.5427881,Dollar per Metric Ton,Coffee
2008-08-01,3228.1869115,Dollar per Metric Ton,Coffee
2008-07-01,3248.6647979,Dollar per Metric Ton,Coffee
2008-06-01,3222.0454634,Dollar per Metric Ton,Coffee
2008-05-01,3131.526141,Dollar per Metric Ton,Coffee
2008-04-01,3102.0042401,Dollar per Metric Ton,Coffee
2008-03-01,3289.7483747,Dollar per Metric Ton,Coffee
2008-02-01,3467.6404235,Dollar per Metric Ton,Coffee
2008-01-01,3082.5608619,Dollar per Metric Ton,Coffee
2007-12-01,3043.3240555,Dollar per Metric Ton,Coffee
2007-11-01,2889.0577348,Dollar per Metric Ton,Coffee
2007-10-01,2960.6068903,Dollar per Metric Ton,Coffee
2007-09-01,2822.8759668,Dollar per Metric Ton,Coffee
2007-08-01,2715.0119302,Dollar per Metric Ton,Coffee
2007-07-01,2593.3677368,Dollar per Metric Ton,Coffee
2007-06-01,2630.734181,Dollar per Metric Ton,Coffee
2007-05-01,2498.4317197,Dollar per Metric Ton,Coffee
2007-04-01,2528.5866669,Dollar per Metric Ton,Coffee
2007-03-01,2581.2523346,Dollar per Metric Ton,Coffee
2007-02-01,2690.3450779,Dollar per Metric Ton,Coffee
2007-01-01,2749.0397998,Dollar per Metric Ton,Coffee
2006-12-01,2829.7696123,Dollar per Metric Ton,Coffee
2006-11-01,2695.4918686,Dollar per Metric Ton,Coffee
2006-10-01,2439.0441532,Dollar per Metric Ton,Coffee
2006-09-01,2421.2635389,Dollar per Metric Ton,Coffee
2006-08-01,2463.2248554,Dollar per Metric Ton,Coffee
2006-07-01,2314.8012609,Dollar per Metric Ton,Coffee
2006-06-01,2274.0582144,Dollar per Metric Ton,Coffee
2006-05-01,2416.9181946,Dollar per Metric Ton,Coffee
2006-04-01,2542.7566165,Dollar per Metric Ton,Coffee
2006-03-01,2505.7836577,Dollar per Metric Ton,Coffee
2006-02-01,2626.1795365,Dollar per Metric Ton,Coffee
2006-01-01,2738.1112341,Dollar per Metric Ton,Coffee
2005-12-01,2335.2364922,Dollar per Metric Ton,Coffee
2005-11-01,2375.3105172,Dollar per Metric Ton,Coffee
2005-10-01,2317.0373787,Dollar per Metric Ton,Coffee
2005-09-01,2193.3990885,Dollar per Metric Ton,Coffee
2005-08-01,2385.4879437,Dollar per Metric Ton,Coffee
2005-07-01,2423.510153,Dollar per Metric Ton,Coffee
2005-06-01,2671.0305797,Dollar per Metric Ton,Coffee
2005-05-01,2830.685342,Dollar per Metric Ton,Coffee
2005-04-01,2855.6371837,Dollar per Metric Ton,Coffee
2005-03-01,2971.3424434,Dollar per Metric Ton,Coffee
2005-02-01,2663.9006295,Dollar per Metric Ton,Coffee
2005-01-01,2362.5680851,Dollar per Metric Ton,Coffee
2004-12-01,2301.3672144,Dollar per Metric Ton,Coffee
2004-11-01,1990.0627356,Dollar per Metric Ton,Coffee
2004-10-01,1775.8445183,Dollar per Metric Ton,Coffee
2004-09-01,1773.9696347,Dollar per Metric Ton,Coffee
2004-08-01,1622.7826279,Dollar per Metric Ton,Coffee
2004-07-01,1652.7554745,Dollar per Metric Ton,Coffee
2004-06-01,1812.5204674,Dollar per Metric Ton,Coffee
2004-05-01,1707.2597584,Dollar per Metric Ton,Coffee
2004-04-01,1665.3218234,Dollar per Metric Ton,Coffee
2004-03-01,1720.9092479,Dollar per Metric Ton,Coffee
2004-02-01,1680.4846166,Dollar per Metric Ton,Coffee
2004-01-01,1587.9596114,Dollar per Metric Ton,Coffee
2003-12-01,1430.4550103,Dollar per Metric Ton,Coffee
2003-11-01,1372.9838533,Dollar per Metric Ton,Coffee
2003-10-01,1417.2081038,Dollar per Metric Ton,Coffee
2003-09-01,1464.0999043,Dollar per Metric Ton,Coffee
2003-08-01,1408.5648877,Dollar per Metric Ton,Coffee
2003-07-01,1387.8386964,Dollar per Metric Ton,Coffee
2003-06-01,1345.8486233,Dollar per Metric Ton,Coffee
2003-05-01,1457.1854059,Dollar per Metric Ton,Coffee
2003-04-01,1426.2204792,Dollar per Metric Ton,Coffee
2003-03-01,1361.3124762,Dollar per Metric Ton,Coffee
2003-02-01,1464.0568138,Dollar per Metric Ton,Coffee
2003-01-01,1441.4589527,Dollar per Metric Ton,Coffee
2002-12-01,1403.3725719,Dollar per Metric Ton,Coffee
2002-11-01,1540.3278331,Dollar per Metric Ton,Coffee
2002-10-01,1449.1176201,Dollar per Metric Ton,Coffee
2002-09-01,1337.4605591,Dollar per Metric Ton,Coffee
2002-08-01,1198.5230464,Dollar per Metric Ton,Coffee
2002-07-01,1245.1133448,Dollar per Metric Ton,Coffee
2002-06-01,1290.9277993,Dollar per Metric Ton,Coffee
2002-05-01,1354.9706486,Dollar per Metric Ton,Coffee
2002-04-01,1440.430274,Dollar per Metric Ton,Coffee
2002-03-01,1412.512212,Dollar per Metric Ton,Coffee
2002-02-01,1303.2847091,Dollar per Metric Ton,Coffee
2002-01-01,1284.0393122,Dollar per Metric Ton,Coffee
2001-12-01,1247.4909598,Dollar per Metric Ton,Coffee
2001-11-01,1297.3703078,Dollar per Metric Ton,Coffee
2001-10-01,1242.6978454,Dollar per Metric Ton,Coffee
2001-09-01,1284.5674631,Dollar per Metric Ton,Coffee
2001-08-01,1308.0313575,Dollar per Metric Ton,Coffee
2001-07-01,1299.4346364,Dollar per Metric Ton,Coffee
2001-06-01,1407.5675585,Dollar per Metric Ton,Coffee
2001-05-01,1535.1074876,Dollar per Metric Ton,Coffee
2001-04-01,1454.9984395,Dollar per Metric Ton,Coffee
2001-03-01,1469.7317129,Dollar per Metric Ton,Coffee
2001-02-01,1483.170892,Dollar per Metric Ton,Coffee
2001-01-01,1447.3922632,Dollar per Metric Ton,Coffee
2000-12-01,1452.9197951,Dollar per Metric Ton,Coffee
2000-11-01,1573.8901108,Dollar per Metric Ton,Coffee
2000-10-01,1692.3685346,Dollar per Metric Ton,Coffee
2000-09-01,1671.8808145,Dollar per Metric Ton,Coffee
2000-08-01,1748.3520069,Dollar per Metric Ton,Coffee
2000-07-01,1932.4882048,Dollar per Metric Ton,Coffee
2000-06-01,1915.6867853,Dollar per Metric Ton,Coffee
2000-05-01,2017.3638935,Dollar per Metric Ton,Coffee
2000-04-01,2086.6753116,Dollar per Metric Ton,Coffee
2000-03-01,2219.0101809,Dollar per Metric Ton,Coffee
2000-02-01,2293.720871,Dollar per Metric Ton,Coffee
2000-01-01,2465.9018978,Dollar per Metric Ton,Coffee
1999-12-01,2715.328245,Dollar per Metric Ton,Coffee
1999-11-01,2479.1181805,Dollar per Metric Ton,Coffee
1999-10-01,2044.9869476,Dollar per Metric Ton,Coffee
1999-09-01,1863.4372291,Dollar per Metric Ton,Coffee
1999-08-01,2017.2196779,Dollar per Metric Ton,Coffee
1999-07-01,2111.8480935,Dollar per Metric Ton,Coffee
1999-06-01,2383.5778521,Dollar per Metric Ton,Coffee
1999-05-01,2454.9522714,Dollar per Metric Ton,Coffee
1999-04-01,2266.9833798,Dollar per Metric Ton,Coffee
1999-03-01,2317.7676886,Dollar per Metric Ton,Coffee
1999-02-01,2309.6067511,Dollar per Metric Ton,Coffee
1999-01-01,2518.2879289,Dollar per Metric Ton,Coffee
1998-12-01,2580.6449743,Dollar per Metric Ton,Coffee
1998-11-01,2560.0497821,Dollar per Metric Ton,Coffee
1998-10-01,2411.5765594,Dollar per Metric Ton,Coffee
1998-09-01,2489.990978,Dollar per Metric Ton,Coffee
1998-08-01,2725.9528836,Dollar per Metric Ton,Coffee
1998-07-01,2578.1144489,Dollar per Metric Ton,Coffee
1998-06-01,2792.4451595,Dollar per Metric Ton,Coffee
1998-05-01,3063.0501787,Dollar per Metric Ton,Coffee
1998-04-01,3312.5557205,Dollar per Metric Ton,Coffee
1998-03-01,3491.9017707,Dollar per Metric Ton,Coffee
1998-02-01,3932.4735555,Dollar per Metric Ton,Coffee
1998-01-01,3900.2780492,Dollar per Metric Ton,Coffee
1997-12-01,3897.3222852,Dollar per Metric Ton,Coffee
1997-11-01,3534.2635944,Dollar per Metric Ton,Coffee
1997-10-01,3729.0999935,Dollar per Metric Ton,Coffee
1997-09-01,4207.8429472,Dollar per Metric Ton,Coffee
1997-08-01,4213.0128335,Dollar per Metric Ton,Coffee
1997-07-01,4192.2720371,Dollar per Metric Ton,Coffee
1997-06-01,4999.2232541,Dollar per Metric Ton,Coffee
1997-05-01,5855.607957,Dollar per Metric Ton,Coffee
1997-04-01,4529.1967566,Dollar per Metric Ton,Coffee
1997-03-01,4263.9186193,Dollar per Metric Ton,Coffee
1997-02-01,3666.8495989,Dollar per Metric Ton,Coffee
1997-01-01,2893.2125335,Dollar per Metric Ton,Coffee
1996-12-01,2577.0635516,Dollar per Metric Ton,Coffee
1996-11-01,2731.8318758,Dollar per Metric Ton,Coffee
1996-10-01,2728.8147836,Dollar per Metric Ton,Coffee
1996-09-01,2641.4108553,Dollar per Metric Ton,Coffee
1996-08-01,2766.9717482,Dollar per Metric Ton,Coffee
1996-07-01,2727.1373546,Dollar per Metric Ton,Coffee
1996-06-01,2756.4396641,Dollar per Metric Ton,Coffee
1996-05-01,2857.0950653,Dollar per Metric Ton,Coffee
1996-04-01,2687.0641982,Dollar per Metric Ton,Coffee
1996-03-01,2663.3520974,Dollar per Metric Ton,Coffee
1996-02-01,2750.938606,Dollar per Metric Ton,Coffee
1996-01-01,2380.1489231,Dollar per Metric Ton,Coffee
1995-12-01,2345.0150892,Dollar per Metric Ton,Coffee
1995-11-01,2761.5203161,Dollar per Metric Ton,Coffee
1995-10-01,2801.7647012,Dollar per Metric Ton,Coffee
1995-09-01,3023.37747,Dollar per Metric Ton,Coffee
1995-08-01,3328.7980373,Dollar per Metric Ton,Coffee
1995-07-01,3093.0120518,Dollar per Metric Ton,Coffee
1995-06-01,3496.6016249,Dollar per Metric Ton,Coffee
1995-05-01,3819.4128398,Dollar per Metric Ton,Coffee
1995-04-01,3819.2220914,Dollar per Metric Ton,Coffee
1995-03-01,3950.923372,Dollar per Metric Ton,Coffee
1995-02-01,3692.1917359,Dollar per Metric Ton,Coffee
1995-01-01,3771.8487593,Dollar per Metric Ton,Coffee
1994-12-01,3577.3308973,Dollar per Metric Ton,Coffee
1994-11-01,4147.2559073,Dollar per Metric Ton,Coffee
1994-10-01,4570.4871425,Dollar per Metric Ton,Coffee
1994-09-01,4821.0787695,Dollar per Metric Ton,Coffee
1994-08-01,4390.2759035,Dollar per Metric Ton,Coffee
1994-07-01,4440.3304227,Dollar per Metric Ton,Coffee
1994-06-01,2940.1147907,Dollar per Metric Ton,Coffee
1994-05-01,2583.0761571,Dollar per Metric Ton,Coffee
1994-04-01,2004.8313213,Dollar per Metric Ton,Coffee
1994-03-01,1918.3475818,Dollar per Metric Ton,Coffee
1994-02-01,1834.2460214,Dollar per Metric Ton,Coffee
1994-01-01,1754.4911734,Dollar per Metric Ton,Coffee
1993-12-01,1819.9734863,Dollar per Metric Ton,Coffee
1993-11-01,1746.9129024,Dollar per Metric Ton,Coffee
1993-10-01,1689.6962647,Dollar per Metric Ton,Coffee
1993-09-01,1788.4299549,Dollar per Metric Ton,Coffee
1993-08-01,1679.6418496,Dollar per Metric Ton,Coffee
1993-07-01,1553.7979819,Dollar per Metric Ton,Coffee
1993-06-01,1393.1110559,Dollar per Metric Ton,Coffee
1993-05-01,1359.3493122,Dollar per Metric Ton,Coffee
1993-04-01,1287.8202834,Dollar per Metric Ton,Coffee
1993-03-01,1425.9786678,Dollar per Metric Ton,Coffee
1993-02-01,1486.7203344,Dollar per Metric Ton,Coffee
1993-01-01,1583.3389706,Dollar per Metric Ton,Coffee
1992-12-01,1656.5342673,Dollar per Metric Ton,Coffee
1992-11-01,1157.7103279,Dollar per Metric Ton,Coffee
1992-10-01,1120.6096787,Dollar per Metric Ton,Coffee
1992-09-01,1139.1986558,Dollar per Metric Ton,Coffee
1992-08-01,1176.2501543,Dollar per Metric Ton,Coffee
1992-07-01,1286.3781291,Dollar per Metric Ton,Coffee
1992-06-01,1310.6080647,Dollar per Metric Ton,Coffee
1992-05-01,1340.3370667,Dollar per Metric Ton,Coffee
1992-04-01,1466.5650732,Dollar per Metric Ton,Coffee
1992-03-01,1540.8909184,Dollar per Metric Ton,Coffee
1992-02-01,1527.7593845,Dollar per Metric Ton,Coffee
1992-01-01,1610.0759847,Dollar per Metric Ton,Coffee
1991-12-01,1655.5983887,Dollar per Metric Ton,Coffee
1991-11-01,1731.0209991,Dollar per Metric Ton,Coffee
1991-10-01,1760.6516708,Dollar per Metric Ton,Coffee
1991-09-01,1927.9642815,Dollar per Metric Ton,Coffee
1991-08-01,1799.3866372,Dollar per Metric Ton,Coffee
1991-07-01,1825.6095899,Dollar per Metric Ton,Coffee
1991-06-01,1884.9523417,Dollar per Metric Ton,Coffee
1991-05-01,1931.0288738,Dollar per Metric Ton,Coffee
1991-04-01,2034.2050509,Dollar per Metric Ton,Coffee
1991-03-01,2066.1723481,Dollar per Metric Ton,Coffee
1991-02-01,1974.6806438,Dollar per Metric Ton,Coffee
1991-01-01,1903.0304086,Dollar per Metric Ton,Coffee
1990-12-01,1981.7355978,Dollar per Metric Ton,Coffee
1990-11-01,1870.4017517,Dollar per Metric Ton,Coffee
1990-10-01,2015.2456193,Dollar per Metric Ton,Coffee
1990-09-01,2092.6280887,Dollar per Metric Ton,Coffee
1990-08-01,2081.6049756,Dollar per Metric Ton,Coffee
1990-07-01,1906.5578857,Dollar per Metric Ton,Coffee
1990-06-01,1945.8001414,Dollar per Metric Ton,Coffee
1990-05-01,2028.6934943,Dollar per Metric Ton,Coffee
1990-04-01,2066.3930257,Dollar per Metric Ton,Coffee
1990-03-01,2071.4632272,Dollar per Metric Ton,Coffee
1990-02-01,1852.10368,Dollar per Metric Ton,Coffee
1990-01-01,1671.7650381,Dollar per Metric Ton,Coffee
2024-01-01,198.7579285,Dollar per Metric Ton,Corn
2023-12-01,207.3979689,Dollar per Metric Ton,Corn
2023-11-01,209.0402968,Dollar per Metric Ton,Corn
2023-10-01,221.9025188,Dollar per Metric Ton,Corn
2023-09-01,223.8476664,Dollar per Metric Ton,Corn
2023-08-01,207.6758887,Dollar per Metric Ton,Corn
2023-07-01,235.2719473,Dollar per Metric Ton,Corn
2023-06-01,266.9352396,Dollar per Metric Ton,Corn
2023-05-01,268.1725264,Dollar per Metric Ton,Corn
2023-04-01,291.1797449,Dollar per Metric Ton,Corn
2023-03-01,284.957405,Dollar per Metric Ton,Corn
2023-02-01,298.2453034,Dollar per Metric Ton,Corn
2023-01-01,302.8399884,Dollar per Metric Ton,Corn
2022-12-01,302.2354051,Dollar per Metric Ton,Corn
2022-11-01,320.9296829,Dollar per Metric Ton,Corn
2022-10-01,343.5532833,Dollar per Metric Ton,Corn
2022-09-01,312.5461279,Dollar per Metric Ton,Corn
2022-08-01,293.9307903,Dollar per Metric Ton,Corn
2022-07-01,312.682042,Dollar per Metric Ton,Corn
2022-06-01,335.717134,Dollar per Metric Ton,Corn
2022-05-01,344.9092996,Dollar per Metric Ton,Corn
2022-04-01,348.507117,Dollar per Metric Ton,Corn
2022-03-01,335.9306842,Dollar per Metric Ton,Corn
2022-02-01,292.671593,Dollar per Metric Ton,Corn
2022-01-01,276.7191782,Dollar per Metric Ton,Corn
2021-12-01,264.5731468,Dollar per Metric Ton,Corn
2021-11-01,248.7677461,Dollar per Metric Ton,Corn
2021-10-01,239.6024509,Dollar per Metric Ton,Corn
2021-09-01,235.8156036,Dollar per Metric Ton,Corn
2021-08-01,257.0207554,Dollar per Metric Ton,Corn
2021-07-01,278.4457556,Dollar per Metric Ton,Corn
2021-06-01,292.5237268,Dollar per Metric Ton,Corn
2021-05-01,304.2975497,Dollar per Metric Ton,Corn
2021-04-01,268.6224488,Dollar per Metric Ton,Corn
2021-03-01,245.7603568,Dollar per Metric Ton,Corn
2021-02-01,245.5540566,Dollar per Metric Ton,Corn
2021-01-01,231.7544615,Dollar per Metric Ton,Corn
2020-12-01,199.1844175,Dollar per Metric Ton,Corn
2020-11-01,190.6250376,Dollar per Metric Ton,Corn
2020-10-01,186.7663875,Dollar per Metric Ton,Corn
2020-09-01,166.6025335,Dollar per Metric Ton,Corn
2020-08-01,149.3929998,Dollar per Metric Ton,Corn
2020-07-01,152.5876196,Dollar per Metric Ton,Corn
2020-06-01,148.0423804,Dollar per Metric Ton,Corn
2020-05-01,143.9892438,Dollar per Metric Ton,Corn
2020-04-01,147.0121602,Dollar per Metric Ton,Corn
2020-03-01,162.1791482,Dollar per Metric Ton,Corn
2020-02-01,168.7445985,Dollar per Metric Ton,Corn
2020-01-01,171.8141352,Dollar per Metric Ton,Corn
2019-12-01,167.0590173,Dollar per Metric Ton,Corn
2019-11-01,166.3617855,Dollar per Metric Ton,Corn
2019-10-01,167.2977941,Dollar per Metric Ton,Corn
2019-09-01,157.3744366,Dollar per Metric Ton,Corn
2019-08-01,163.6286143,Dollar per Metric Ton,Corn
2019-07-01,189.4863732,Dollar per Metric Ton,Corn
2019-06-01,195.1679223,Dollar per Metric Ton,Corn
2019-05-01,171.1801536,Dollar per Metric Ton,Corn
2019-04-01,161.6533866,Dollar per Metric Ton,Corn
2019-03-01,166.321332,Dollar per Metric Ton,Corn
2019-02-01,169.6562835,Dollar per Metric Ton,Corn
2019-01-01,166.8462415,Dollar per Metric Ton,Corn
2018-12-01,167.4898806,Dollar per Metric Ton,Corn
2018-11-01,160.8782077,Dollar per Metric Ton,Corn
2018-10-01,160.3655651,Dollar per Metric Ton,Corn
2018-09-01,154.9450034,Dollar per Metric Ton,Corn
2018-08-01,162.5222585,Dollar per Metric Ton,Corn
2018-07-01,156.5542655,Dollar per Metric Ton,Corn
2018-06-01,165.1402855,Dollar per Metric Ton,Corn
2018-05-01,179.1790589,Dollar per Metric Ton,Corn
2018-04-01,175.6009825,Dollar per Metric Ton,Corn
2018-03-01,172.07659,Dollar per Metric Ton,Corn
2018-02-01,163.4609697,Dollar per Metric Ton,Corn
2018-01-01,155.9168753,Dollar per Metric Ton,Corn
2017-12-01,149.0874275,Dollar per Metric Ton,Corn
2017-11-01,148.7921659,Dollar per Metric Ton,Corn
2017-10-01,148.7223768,Dollar per Metric Ton,Corn
2017-09-01,147.3158579,Dollar per Metric Ton,Corn
2017-08-01,148.5434304,Dollar per Metric Ton,Corn
2017-07-01,157.6106459,Dollar per Metric Ton,Corn
2017-06-01,157.9739071,Dollar per Metric Ton,Corn
2017-05-01,158.6002196,Dollar per Metric Ton,Corn
2017-04-01,156.5404521,Dollar per Metric Ton,Corn
2017-03-01,158.9791193,Dollar per Metric Ton,Corn
2017-02-01,162.9625359,Dollar per Metric Ton,Corn
2017-01-01,160.012107,Dollar per Metric Ton,Corn
2016-12-01,152.7299247,Dollar per Metric Ton,Corn
2016-11-01,151.3314157,Dollar per Metric Ton,Corn
2016-10-01,152.617444,Dollar per Metric Ton,Corn
2016-09-01,148.5119017,Dollar per Metric Ton,Corn
2016-08-01,150.2154124,Dollar per Metric Ton,Corn
2016-07-01,161.8230448,Dollar per Metric Ton,Corn
2016-06-01,179.9127393,Dollar per Metric Ton,Corn
2016-05-01,169.0021199,Dollar per Metric Ton,Corn
2016-04-01,164.4654019,Dollar per Metric Ton,Corn
2016-03-01,159.2265321,Dollar per Metric Ton,Corn
2016-02-01,159.7168454,Dollar per Metric Ton,Corn
2016-01-01,161.0988769,Dollar per Metric Ton,Corn
2015-12-01,164.0044018,Dollar per Metric Ton,Corn
2015-11-01,166.0924241,Dollar per Metric Ton,Corn
2015-10-01,171.4485732,Dollar per Metric Ton,Corn
2015-09-01,166.077624,Dollar per Metric Ton,Corn
2015-08-01,162.7406991,Dollar per Metric Ton,Corn
2015-07-01,179.6085304,Dollar per Metric Ton,Corn
2015-06-01,166.8138607,Dollar per Metric Ton,Corn
2015-05-01,166.3503895,Dollar per Metric Ton,Corn
2015-04-01,172.151577,Dollar per Metric Ton,Corn
2015-03-01,174.2938214,Dollar per Metric Ton,Corn
2015-02-01,173.7588658,Dollar per Metric Ton,Corn
2015-01-01,174.7948714,Dollar per Metric Ton,Corn
2014-12-01,178.7129461,Dollar per Metric Ton,Corn
2014-11-01,178.7085351,Dollar per Metric Ton,Corn
2014-10-01,163.3780893,Dollar per Metric Ton,Corn
2014-09-01,163.1343813,Dollar per Metric Ton,Corn
2014-08-01,176.4820806,Dollar per Metric Ton,Corn
2014-07-01,182.2945163,Dollar per Metric Ton,Corn
2014-06-01,202.633823,Dollar per Metric Ton,Corn
2014-05-01,216.975101,Dollar per Metric Ton,Corn
2014-04-01,222.4304107,Dollar per Metric Ton,Corn
2014-03-01,222.3929172,Dollar per Metric Ton,Corn
2014-02-01,209.3560195,Dollar per Metric Ton,Corn
2014-01-01,198.7719886,Dollar per Metric Ton,Corn
2013-12-01,197.5534486,Dollar per Metric Ton,Corn
2013-11-01,199.1824442,Dollar per Metric Ton,Corn
2013-10-01,201.7799929,Dollar per Metric Ton,Corn
2013-09-01,207.4901734,Dollar per Metric Ton,Corn
2013-08-01,234.9387661,Dollar per Metric Ton,Corn
2013-07-01,279.0132714,Dollar per Metric Ton,Corn
2013-06-01,297.1119132,Dollar per Metric Ton,Corn
2013-05-01,295.368975,Dollar per Metric Ton,Corn
2013-04-01,279.7648464,Dollar per Metric Ton,Corn
2013-03-01,309.5792051,Dollar per Metric Ton,Corn
2013-02-01,302.6103405,Dollar per Metric Ton,Corn
2013-01-01,303.3602112,Dollar per Metric Ton,Corn
2012-12-01,308.7504006,Dollar per Metric Ton,Corn
2012-11-01,321.5968705,Dollar per Metric Ton,Corn
2012-10-01,321.3824173,Dollar per Metric Ton,Corn
2012-09-01,320.7059056,Dollar per Metric Ton,Corn
2012-08-01,332.2334953,Dollar per Metric Ton,Corn
2012-07-01,332.9988526,Dollar per Metric Ton,Corn
2012-06-01,267.3289218,Dollar per Metric Ton,Corn
2012-05-01,268.8849036,Dollar per Metric Ton,Corn
2012-04-01,274.2192966,Dollar per Metric Ton,Corn
2012-03-01,280.715052,Dollar per Metric Ton,Corn
2012-02-01,279.5143214,Dollar per Metric Ton,Corn
2012-01-01,272.9201455,Dollar per Metric Ton,Corn
2011-12-01,258.5179405,Dollar per Metric Ton,Corn
2011-11-01,274.2783489,Dollar per Metric Ton,Corn
2011-10-01,274.846376,Dollar per Metric Ton,Corn
2011-09-01,296.2994964,Dollar per Metric Ton,Corn
2011-08-01,310.3071116,Dollar per Metric Ton,Corn
2011-07-01,300.8322095,Dollar per Metric Ton,Corn
2011-06-01,310.5364743,Dollar per Metric Ton,Corn
2011-05-01,308.5752214,Dollar per Metric Ton,Corn
2011-04-01,318.938776,Dollar per Metric Ton,Corn
2011-03-01,290.4347217,Dollar per Metric Ton,Corn
2011-02-01,293.396797,Dollar per Metric Ton,Corn
2011-01-01,265.285524,Dollar per Metric Ton,Corn
2010-12-01,250.6255509,Dollar per Metric Ton,Corn
2010-11-01,238.2367488,Dollar per Metric Ton,Corn
2010-10-01,235.703123,Dollar per Metric Ton,Corn
2010-09-01,205.8395204,Dollar per Metric Ton,Corn
2010-08-01,175.6001304,Dollar per Metric Ton,Corn
2010-07-01,163.9217456,Dollar per Metric Ton,Corn
2010-06-01,152.8739339,Dollar per Metric Ton,Corn
2010-05-01,163.2403005,Dollar per Metric Ton,Corn
2010-04-01,157.2666427,Dollar per Metric Ton,Corn
2010-03-01,158.9277694,Dollar per Metric Ton,Corn
2010-02-01,161.9069613,Dollar per Metric Ton,Corn
2010-01-01,167.3356308,Dollar per Metric Ton,Corn
2009-12-01,164.6128196,Dollar per Metric Ton,Corn
2009-11-01,171.6868545,Dollar per Metric Ton,Corn
2009-10-01,167.2791214,Dollar per Metric Ton,Corn
2009-09-01,150.592793,Dollar per Metric Ton,Corn
2009-08-01,152.0362942,Dollar per Metric Ton,Corn
2009-07-01,151.8002554,Dollar per Metric Ton,Corn
2009-06-01,179.3937946,Dollar per Metric Ton,Corn
2009-05-01,180.0702121,Dollar per Metric Ton,Corn
2009-04-01,168.7959054,Dollar per Metric Ton,Corn
2009-03-01,164.5770304,Dollar per Metric Ton,Corn
2009-02-01,163.3999605,Dollar per Metric Ton,Corn
2009-01-01,173.2951299,Dollar per Metric Ton,Corn
2008-12-01,158.909797,Dollar per Metric Ton,Corn
2008-11-01,164.3044002,Dollar per Metric Ton,Corn
2008-10-01,183.0247029,Dollar per Metric Ton,Corn
2008-09-01,233.9456134,Dollar per Metric Ton,Corn
2008-08-01,235.1594667,Dollar per Metric Ton,Corn
2008-07-01,267.1414541,Dollar per Metric Ton,Corn
2008-06-01,287.1320709,Dollar per Metric Ton,Corn
2008-05-01,243.5317736,Dollar per Metric Ton,Corn
2008-04-01,246.6418625,Dollar per Metric Ton,Corn
2008-03-01,233.9259293,Dollar per Metric Ton,Corn
2008-02-01,220.0475977,Dollar per Metric Ton,Corn
2008-01-01,206.5588043,Dollar per Metric Ton,Corn
2007-12-01,180.2832637,Dollar per Metric Ton,Corn
2007-11-01,171.1139434,Dollar per Metric Ton,Corn
2007-10-01,164.1141037,Dollar per Metric Ton,Corn
2007-09-01,160.1250316,Dollar per Metric Ton,Corn
2007-08-01,151.0307857,Dollar per Metric Ton,Corn
2007-07-01,147.2164013,Dollar per Metric Ton,Corn
2007-06-01,164.5372645,Dollar per Metric Ton,Corn
2007-05-01,160.1391589,Dollar per Metric Ton,Corn
2007-04-01,152.6305668,Dollar per Metric Ton,Corn
2007-03-01,169.5832697,Dollar per Metric Ton,Corn
2007-02-01,177.3848855,Dollar per Metric Ton,Corn
2007-01-01,165.160019,Dollar per Metric Ton,Corn
2006-12-01,160.7207348,Dollar per Metric Ton,Corn
2006-11-01,164.1064013,Dollar per Metric Ton,Corn
2006-10-01,142.2624107,Dollar per Metric Ton,Corn
2006-09-01,120.2698946,Dollar per Metric Ton,Corn
2006-08-01,115.2772893,Dollar per Metric Ton,Corn
2006-07-01,114.3056102,Dollar per Metric Ton,Corn
2006-06-01,109.6123566,Dollar per Metric Ton,Corn
2006-05-01,110.6246821,Dollar per Metric Ton,Corn
2006-04-01,107.9103474,Dollar per Metric Ton,Corn
2006-03-01,104.9520804,Dollar per Metric Ton,Corn
2006-02-01,106.9365021,Dollar per Metric Ton,Corn
2006-01-01,102.7904075,Dollar per Metric Ton,Corn
2005-12-01,102.6760522,Dollar per Metric Ton,Corn
2005-11-01,95.97970643,Dollar per Metric Ton,Corn
2005-10-01,101.5512461,Dollar per Metric Ton,Corn
2005-09-01,97.07076837,Dollar per Metric Ton,Corn
2005-08-01,99.28663643,Dollar per Metric Ton,Corn
2005-07-01,105.6642871,Dollar per Metric Ton,Corn
2005-06-01,97.61527679,Dollar per Metric Ton,Corn
2005-05-01,95.36481241,Dollar per Metric Ton,Corn
2005-04-01,96.47087177,Dollar per Metric Ton,Corn
2005-03-01,100.0140111,Dollar per Metric Ton,Corn
2005-02-01,94.35939361,Dollar per Metric Ton,Corn
2005-01-01,96.03875875,Dollar per Metric Ton,Corn
2004-12-01,95.60852041,Dollar per Metric Ton,Corn
2004-11-01,93.75851034,Dollar per Metric Ton,Corn
2004-10-01,93.41514847,Dollar per Metric Ton,Corn
2004-09-01,97.72690527,Dollar per Metric Ton,Corn
2004-08-01,104.0931375,Dollar per Metric Ton,Corn
2004-07-01,104.4944888,Dollar per Metric Ton,Corn
2004-06-01,123.278751,Dollar per Metric Ton,Corn
2004-05-01,129.2852157,Dollar per Metric Ton,Corn
2004-04-01,133.4394997,Dollar per Metric Ton,Corn
2004-03-01,128.4601949,Dollar per Metric Ton,Corn
2004-02-01,122.9324291,Dollar per Metric Ton,Corn
2004-01-01,116.2455883,Dollar per Metric Ton,Corn
2003-12-01,111.9922096,Dollar per Metric Ton,Corn
2003-11-01,108.1004849,Dollar per Metric Ton,Corn
2003-10-01,104.2059516,Dollar per Metric Ton,Corn
2003-09-01,103.2384553,Dollar per Metric Ton,Corn
2003-08-01,100.3495782,Dollar per Metric Ton,Corn
2003-07-01,97.67066497,Dollar per Metric Ton,Corn
2003-06-01,107.0253026,Dollar per Metric Ton,Corn
2003-05-01,107.9064007,Dollar per Metric Ton,Corn
2003-04-01,105.3380934,Dollar per Metric Ton,Corn
2003-03-01,105.1318789,Dollar per Metric Ton,Corn
2003-02-01,106.14108,Dollar per Metric Ton,Corn
2003-01-01,105.8442561,Dollar per Metric Ton,Corn
2002-12-01,107.0126485,Dollar per Metric Ton,Corn
2002-11-01,108.6464294,Dollar per Metric Ton,Corn
2002-10-01,109.6468099,Dollar per Metric Ton,Corn
2002-09-01,113.9414542,Dollar per Metric Ton,Corn
2002-08-01,109.8910018,Dollar per Metric Ton,Corn
2002-07-01,99.70000268,Dollar per Metric Ton,Corn
2002-06-01,93.16980013,Dollar per Metric Ton,Corn
2002-05-01,90.33130502,Dollar per Metric Ton,Corn
2002-04-01,87.10664777,Dollar per Metric Ton,Corn
2002-03-01,89.85794911,Dollar per Metric Ton,Corn
2002-02-01,90.72819384,Dollar per Metric Ton,Corn
2002-01-01,91.96696059,Dollar per Metric Ton,Corn
2001-12-01,92.31151517,Dollar per Metric Ton,Corn
2001-11-01,89.88255424,Dollar per Metric Ton,Corn
2001-10-01,86.26773913,Dollar per Metric Ton,Corn
2001-09-01,89.74398849,Dollar per Metric Ton,Corn
2001-08-01,92.87903164,Dollar per Metric Ton,Corn
2001-07-01,90.75466954,Dollar per Metric Ton,Corn
2001-06-01,83.16066599,Dollar per Metric Ton,Corn
2001-05-01,85.07752309,Dollar per Metric Ton,Corn
2001-04-01,87.54506652,Dollar per Metric Ton,Corn
2001-03-01,91.01215357,Dollar per Metric Ton,Corn
2001-02-01,92.37751482,Dollar per Metric Ton,Corn
2001-01-01,94.29723327,Dollar per Metric Ton,Corn
2000-12-01,96.22420376,Dollar per Metric Ton,Corn
2000-11-01,88.93710783,Dollar per Metric Ton,Corn
2000-10-01,84.7072744,Dollar per Metric Ton,Corn
2000-09-01,80.15057627,Dollar per Metric Ton,Corn
2000-08-01,75.24053114,Dollar per Metric Ton,Corn
2000-07-01,75.05737521,Dollar per Metric Ton,Corn
2000-06-01,84.0395145,Dollar per Metric Ton,Corn
2000-05-01,95.53055089,Dollar per Metric Ton,Corn
2000-04-01,95.53937295,Dollar per Metric Ton,Corn
2000-03-01,95.16935111,Dollar per Metric Ton,Corn
2000-02-01,95.08161904,Dollar per Metric Ton,Corn
2000-01-01,92.95327496,Dollar per Metric Ton,Corn
1999-12-01,87.22283768,Dollar per Metric Ton,Corn
1999-11-01,85.40934063,Dollar per Metric Ton,Corn
1999-10-01,85.65047121,Dollar per Metric Ton,Corn
1999-09-01,87.12092088,Dollar per Metric Ton,Corn
1999-08-01,86.38191473,Dollar per Metric Ton,Corn
1999-07-01,83.59840304,Dollar per Metric Ton,Corn
1999-06-01,92.94701183,Dollar per Metric Ton,Corn
1999-05-01,92.71706567,Dollar per Metric Ton,Corn
1999-04-01,94.03847853,Dollar per Metric Ton,Corn
1999-03-01,96.42645008,Dollar per Metric Ton,Corn
1999-02-01,94.56400472,Dollar per Metric Ton,Corn
1999-01-01,97.45187378,Dollar per Metric Ton,Corn
1998-12-01,95.32476044,Dollar per Metric Ton,Corn
1998-11-01,97.38452911,Dollar per Metric Ton,Corn
1998-10-01,95.49475861,Dollar per Metric Ton,Corn
1998-09-01,85.71444702,Dollar per Metric Ton,Corn
1998-08-01,88.3582077,Dollar per Metric Ton,Corn
1998-07-01,100.90448,Dollar per Metric Ton,Corn
1998-06-01,101.7516937,Dollar per Metric Ton,Corn
1998-05-01,105.9669266,Dollar per Metric Ton,Corn
1998-04-01,106.6878586,Dollar per Metric Ton,Corn
1998-03-01,113.8404388,Dollar per Metric Ton,Corn
1998-02-01,113.6187363,Dollar per Metric Ton,Corn
1998-01-01,114.3672562,Dollar per Metric Ton,Corn
1997-12-01,113.6043625,Dollar per Metric Ton,Corn
1997-11-01,117.4047623,Dollar per Metric Ton,Corn
1997-10-01,120.2442169,Dollar per Metric Ton,Corn
1997-09-01,112.236908,Dollar per Metric Ton,Corn
1997-08-01,111.9510193,Dollar per Metric Ton,Corn
1997-07-01,106.420723,Dollar per Metric Ton,Corn
1997-06-01,112.5813751,Dollar per Metric Ton,Corn
1997-05-01,118.6108093,Dollar per Metric Ton,Corn
1997-04-01,124.7128754,Dollar per Metric Ton,Corn
1997-03-01,127.8605804,Dollar per Metric Ton,Corn
1997-02-01,121.7462006,Dollar per Metric Ton,Corn
1997-01-01,118.6951675,Dollar per Metric Ton,Corn
1996-12-01,116.8350143,Dollar per Metric Ton,Corn
1996-11-01,117.1368408,Dollar per Metric Ton,Corn
1996-10-01,128.6087952,Dollar per Metric Ton,Corn
1996-09-01,145.2391815,Dollar per Metric Ton,Corn
1996-08-01,186.8200684,Dollar per Metric Ton,Corn
1996-07-01,197.6199951,Dollar per Metric Ton,Corn
1996-06-01,196.6393127,Dollar per Metric Ton,Corn
1996-05-01,203.9989319,Dollar per Metric Ton,Corn
1996-04-01,189.0330353,Dollar per Metric Ton,Corn
1996-03-01,170.9611511,Dollar per Metric Ton,Corn
1996-02-01,164.7122345,Dollar per Metric Ton,Corn
1996-01-01,156.6707306,Dollar per Metric Ton,Corn
1995-12-01,148.1885223,Dollar per Metric Ton,Corn
1995-11-01,143.2122345,Dollar per Metric Ton,Corn
1995-10-01,140.8163605,Dollar per Metric Ton,Corn
1995-09-01,130.5130157,Dollar per Metric Ton,Corn
1995-08-01,126.297081,Dollar per Metric Ton,Corn
1995-07-01,127.3095627,Dollar per Metric Ton,Corn
1995-06-01,120.0074387,Dollar per Metric Ton,Corn
1995-05-01,111.9275818,Dollar per Metric Ton,Corn
1995-04-01,109.6404877,Dollar per Metric Ton,Corn
1995-03-01,109.6270676,Dollar per Metric Ton,Corn
1995-02-01,106.9776611,Dollar per Metric Ton,Corn
1995-01-01,106.8987732,Dollar per Metric Ton,Corn
1994-12-01,102.5552368,Dollar per Metric Ton,Corn
1994-11-01,95.60571289,Dollar per Metric Ton,Corn
1994-10-01,96.11000061,Dollar per Metric Ton,Corn
1994-09-01,97.60505676,Dollar per Metric Ton,Corn
1994-08-01,96.15687561,Dollar per Metric Ton,Corn
1994-07-01,98.73155212,Dollar per Metric Ton,Corn
1994-06-01,112.0830994,Dollar per Metric Ton,Corn
1994-05-01,110.6012573,Dollar per Metric Ton,Corn
1994-04-01,113.4167328,Dollar per Metric Ton,Corn
1994-03-01,120.1072922,Dollar per Metric Ton,Corn
1994-02-01,123.6490097,Dollar per Metric Ton,Corn
1994-01-01,126.7164536,Dollar per Metric Ton,Corn
1993-12-01,121.2294998,Dollar per Metric Ton,Corn
1993-11-01,115.9284592,Dollar per Metric Ton,Corn
1993-10-01,105.7676315,Dollar per Metric Ton,Corn
1993-09-01,101.0316772,Dollar per Metric Ton,Corn
1993-08-01,100.3128967,Dollar per Metric Ton,Corn
1993-07-01,101.8886871,Dollar per Metric Ton,Corn
1993-06-01,92.72621155,Dollar per Metric Ton,Corn
1993-05-01,99.22267151,Dollar per Metric Ton,Corn
1993-04-01,100.4873734,Dollar per Metric Ton,Corn
1993-03-01,97.53518677,Dollar per Metric Ton,Corn
1993-02-01,94.2540741,Dollar per Metric Ton,Corn
1993-01-01,94.09521484,Dollar per Metric Ton,Corn
1992-12-01,94.04341888,Dollar per Metric Ton,Corn
1992-11-01,95.17266083,Dollar per Metric Ton,Corn
1992-10-01,94.55976868,Dollar per Metric Ton,Corn
1992-09-01,98.2166748,Dollar per Metric Ton,Corn
1992-08-01,97.53993225,Dollar per Metric Ton,Corn
1992-07-01,102.3940582,Dollar per Metric Ton,Corn
1992-06-01,110.2019272,Dollar per Metric Ton,Corn
1992-05-01,109.1779099,Dollar per Metric Ton,Corn
1992-04-01,109.0551376,Dollar per Metric Ton,Corn
1992-03-01,116.6845932,Dollar per Metric Ton,Corn
1992-02-01,113.921257,Dollar per Metric Ton,Corn
1992-01-01,109.5863571,Dollar per Metric Ton,Corn
1991-12-01,106.7206802,Dollar per Metric Ton,Corn
1991-11-01,106.7978668,Dollar per Metric Ton,Corn
1991-10-01,109.5233231,Dollar per Metric Ton,Corn
1991-09-01,108.8531265,Dollar per Metric Ton,Corn
1991-08-01,110.1188126,Dollar per Metric Ton,Corn
1991-07-01,105.7298965,Dollar per Metric Ton,Corn
1991-06-01,105.1131363,Dollar per Metric Ton,Corn
1991-05-01,105.7351608,Dollar per Metric Ton,Corn
1991-04-01,110.2310104,Dollar per Metric Ton,Corn
1991-03-01,109.0499573,Dollar per Metric Ton,Corn
1991-02-01,106.2941666,Dollar per Metric Ton,Corn
1991-01-01,105.506813,Dollar per Metric Ton,Corn
1990-12-01,102.3573608,Dollar per Metric Ton,Corn
1990-11-01,99.99526978,Dollar per Metric Ton,Corn
1990-10-01,99.99526978,Dollar per Metric Ton,Corn
1990-09-01,102.3573608,Dollar per Metric Ton,Corn
1990-08-01,109.8373184,Dollar per Metric Ton,Corn
1990-07-01,114.9551926,Dollar per Metric Ton,Corn
1990-06-01,120.0730667,Dollar per Metric Ton,Corn
1990-05-01,121.254097,Dollar per Metric Ton,Corn
1990-04-01,118.4983368,Dollar per Metric Ton,Corn
1990-03-01,109.8373184,Dollar per Metric Ton,Corn
1990-02-01,106.2941666,Dollar per Metric Ton,Corn
1990-01-01,105.9005127,Dollar per Metric Ton,Corn
2024-01-01,495.4841416,Dollar per Metric Ton,Sugar
2023-12-01,488.229427,Dollar per Metric Ton,Sugar
2023-11-01,602.0724169,Dollar per Metric Ton,Sugar
2023-10-01,593.1236533,Dollar per Metric Ton,Sugar
2023-09-01,585.6317539,Dollar per Metric Ton,Sugar
2023-08-01,533.3653095,Dollar per Metric Ton,Sugar
2023-07-01,529.2878987,Dollar per Metric Ton,Sugar
2023-06-01,545.9146663,Dollar per Metric Ton,Sugar
2023-05-01,567.2398153,Dollar per Metric Ton,Sugar
2023-04-01,541.9403329,Dollar per Metric Ton,Sugar
2023-03-01,462.1272428,Dollar per Metric Ton,Sugar
2023-02-01,471.8664029,Dollar per Metric Ton,Sugar
2023-01-01,439.6718979,Dollar per Metric Ton,Sugar
2022-12-01,442.3575291,Dollar per Metric Ton,Sugar
2022-11-01,427.8270618,Dollar per Metric Ton,Sugar
2022-10-01,403.4669362,Dollar per Metric Ton,Sugar
2022-09-01,400.9306658,Dollar per Metric Ton,Sugar
2022-08-01,398.2123575,Dollar per Metric Ton,Sugar
2022-07-01,404.3277888,Dollar per Metric Ton,Sugar
2022-06-01,414.3387798,Dollar per Metric Ton,Sugar
2022-05-01,425.0712835,Dollar per Metric Ton,Sugar
2022-04-01,434.2896601,Dollar per Metric Ton,Sugar
2022-03-01,421.2554565,Dollar per Metric Ton,Sugar
2022-02-01,401.3109367,Dollar per Metric Ton,Sugar
2022-01-01,406.9953822,Dollar per Metric Ton,Sugar
2021-12-01,422.5660306,Dollar per Metric Ton,Sugar
2021-11-01,435.3289823,Dollar per Metric Ton,Sugar
2021-10-01,432.525962,Dollar per Metric Ton,Sugar
2021-09-01,424.7048007,Dollar per Metric Ton,Sugar
2021-08-01,427.3360321,Dollar per Metric Ton,Sugar
2021-07-01,390.5436483,Dollar per Metric Ton,Sugar
2021-06-01,379.5057423,Dollar per Metric Ton,Sugar
2021-05-01,379.2685783,Dollar per Metric Ton,Sugar
2021-04-01,357.9782228,Dollar per Metric Ton,Sugar
2021-03-01,348.4549833,Dollar per Metric Ton,Sugar
2021-02-01,374.7974491,Dollar per Metric Ton,Sugar
2021-01-01,350.8946985,Dollar per Metric Ton,Sugar
2020-12-01,323.3680335,Dollar per Metric Ton,Sugar
2020-11-01,329.2273192,Dollar per Metric Ton,Sugar
2020-10-01,314.9904675,Dollar per Metric Ton,Sugar
2020-09-01,274.2865487,Dollar per Metric Ton,Sugar
2020-08-01,282.5066416,Dollar per Metric Ton,Sugar
2020-07-01,262.390176,Dollar per Metric Ton,Sugar
2020-06-01,260.7667722,Dollar per Metric Ton,Sugar
2020-05-01,234.5938932,Dollar per Metric Ton,Sugar
2020-04-01,221.6065663,Dollar per Metric Ton,Sugar
2020-03-01,260.2557005,Dollar per Metric Ton,Sugar
2020-02-01,332.2598356,Dollar per Metric Ton,Sugar
2020-01-01,312.3215382,Dollar per Metric Ton,Sugar
2019-12-01,293.9916758,Dollar per Metric Ton,Sugar
2019-11-01,279.700472,Dollar per Metric Ton,Sugar
2019-10-01,274.6384667,Dollar per Metric Ton,Sugar
2019-09-01,245.9917921,Dollar per Metric Ton,Sugar
2019-08-01,254.7541651,Dollar per Metric Ton,Sugar
2019-07-01,267.3906609,Dollar per Metric Ton,Sugar
2019-06-01,274.244031,Dollar per Metric Ton,Sugar
2019-05-01,260.696625,Dollar per Metric Ton,Sugar
2019-04-01,276.365193,Dollar per Metric Ton,Sugar
2019-03-01,275.0004265,Dollar per Metric Ton,Sugar
2019-02-01,285.0344985,Dollar per Metric Ton,Sugar
2019-01-01,279.5671448,Dollar per Metric Ton,Sugar
2018-12-01,276.7573008,Dollar per Metric Ton,Sugar
2018-11-01,282.0237243,Dollar per Metric Ton,Sugar
2018-10-01,290.6747001,Dollar per Metric Ton,Sugar
2018-09-01,237.7395416,Dollar per Metric Ton,Sugar
2018-08-01,230.4980877,Dollar per Metric Ton,Sugar
2018-07-01,245.9309027,Dollar per Metric Ton,Sugar
2018-06-01,265.919481,Dollar per Metric Ton,Sugar
2018-05-01,260.7467302,Dollar per Metric Ton,Sugar
2018-04-01,260.6808776,Dollar per Metric Ton,Sugar
2018-03-01,282.7585987,Dollar per Metric Ton,Sugar
2018-02-01,299.2253062,Dollar per Metric Ton,Sugar
2018-01-01,308.1957443,Dollar per Metric Ton,Sugar
2017-12-01,318.1821599,Dollar per Metric Ton,Sugar
2017-11-01,329.9585191,Dollar per Metric Ton,Sugar
2017-10-01,313.7578831,Dollar per Metric Ton,Sugar
2017-09-01,307.1259774,Dollar per Metric Ton,Sugar
2017-08-01,304.1516541,Dollar per Metric Ton,Sugar
2017-07-01,311.270668,Dollar per Metric Ton,Sugar
2017-06-01,298.2854407,Dollar per Metric Ton,Sugar
2017-05-01,345.8852474,Dollar per Metric Ton,Sugar
2017-04-01,359.7247923,Dollar per Metric Ton,Sugar
2017-03-01,398.1452602,Dollar per Metric Ton,Sugar
2017-02-01,449.8706508,Dollar per Metric Ton,Sugar
2017-01-01,452.774371,Dollar per Metric Ton,Sugar
2016-12-01,415.1304397,Dollar per Metric Ton,Sugar
2016-11-01,460.0732466,Dollar per Metric Ton,Sugar
2016-10-01,505.2260176,Dollar per Metric Ton,Sugar
2016-09-01,470.7394207,Dollar per Metric Ton,Sugar
2016-08-01,441.2408399,Dollar per Metric Ton,Sugar
2016-07-01,434.0240556,Dollar per Metric Ton,Sugar
2016-06-01,426.3138891,Dollar per Metric Ton,Sugar
2016-05-01,367.8255371,Dollar per Metric Ton,Sugar
2016-04-01,330.6514005,Dollar per Metric Ton,Sugar
2016-03-01,340.1832917,Dollar per Metric Ton,Sugar
2016-02-01,293.5234559,Dollar per Metric Ton,Sugar
2016-01-01,315.0637792,Dollar per Metric Ton,Sugar
2015-12-01,325.462425,Dollar per Metric Ton,Sugar
2015-11-01,327.2321358,Dollar per Metric Ton,Sugar
2015-10-01,311.7737227,Dollar per Metric Ton,Sugar
2015-09-01,267.5781971,Dollar per Metric Ton,Sugar
2015-08-01,235.3382157,Dollar per Metric Ton,Sugar
2015-07-01,261.8791044,Dollar per Metric Ton,Sugar
2015-06-01,267.0599675,Dollar per Metric Ton,Sugar
2015-05-01,280.0642348,Dollar per Metric Ton,Sugar
2015-04-01,284.6377769,Dollar per Metric Ton,Sugar
2015-03-01,283.0935866,Dollar per Metric Ton,Sugar
2015-02-01,319.9371555,Dollar per Metric Ton,Sugar
2015-01-01,332.0712824,Dollar per Metric Ton,Sugar
2014-12-01,330.5230361,Dollar per Metric Ton,Sugar
2014-11-01,350.0708658,Dollar per Metric Ton,Sugar
2014-10-01,363.2259548,Dollar per Metric Ton,Sugar
2014-09-01,364.7390654,Dollar per Metric Ton,Sugar
2014-08-01,390.7641105,Dollar per Metric Ton,Sugar
2014-07-01,412.9358382,Dollar per Metric Ton,Sugar
2014-06-01,402.165159,Dollar per Metric Ton,Sugar
2014-05-01,402.1336644,Dollar per Metric Ton,Sugar
2014-04-01,401.5667614,Dollar per Metric Ton,Sugar
2014-03-01,394.3649943,Dollar per Metric Ton,Sugar
2014-02-01,372.2563314,Dollar per Metric Ton,Sugar
2014-01-01,346.2937229,Dollar per Metric Ton,Sugar
2013-12-01,364.7495636,Dollar per Metric Ton,Sugar
2013-11-01,391.287446,Dollar per Metric Ton,Sugar
2013-10-01,414.7470272,Dollar per Metric Ton,Sugar
2013-09-01,388.4324597,Dollar per Metric Ton,Sugar
2013-08-01,380.1671291,Dollar per Metric Ton,Sugar
2013-07-01,376.9103003,Dollar per Metric Ton,Sugar
2013-06-01,373.8158118,Dollar per Metric Ton,Sugar
2013-05-01,384.185555,Dollar per Metric Ton,Sugar
2013-04-01,389.3864601,Dollar per Metric Ton,Sugar
2013-03-01,404.3057426,Dollar per Metric Ton,Sugar
2013-02-01,401.4153664,Dollar per Metric Ton,Sugar
2013-01-01,415.4768805,Dollar per Metric Ton,Sugar
2012-12-01,423.3316358,Dollar per Metric Ton,Sugar
2012-11-01,425.7861156,Dollar per Metric Ton,Sugar
2012-10-01,449.4937966,Dollar per Metric Ton,Sugar
2012-09-01,445.4730089,Dollar per Metric Ton,Sugar
2012-08-01,453.299167,Dollar per Metric Ton,Sugar
2012-07-01,501.7091196,Dollar per Metric Ton,Sugar
2012-06-01,443.0871542,Dollar per Metric Ton,Sugar
2012-05-01,446.7767954,Dollar per Metric Ton,Sugar
2012-04-01,495.5330267,Dollar per Metric Ton,Sugar
2012-03-01,524.4396377,Dollar per Metric Ton,Sugar
2012-02-01,516.2344331,Dollar per Metric Ton,Sugar
2012-01-01,529.5613769,Dollar per Metric Ton,Sugar
2011-12-01,516.2176361,Dollar per Metric Ton,Sugar
2011-11-01,540.5209759,Dollar per Metric Ton,Sugar
2011-10-01,579.784255,Dollar per Metric Ton,Sugar
2011-09-01,587.2799719,Dollar per Metric Ton,Sugar
2011-08-01,636.5704042,Dollar per Metric Ton,Sugar
2011-07-01,649.7243329,Dollar per Metric Ton,Sugar
2011-06-01,549.4921674,Dollar per Metric Ton,Sugar
2011-05-01,481.510577,Dollar per Metric Ton,Sugar
2011-04-01,526.9709453,Dollar per Metric Ton,Sugar
2011-03-01,570.9972591,Dollar per Metric Ton,Sugar
2011-02-01,646.0936675,Dollar per Metric Ton,Sugar
2011-01-01,655.5851482,Dollar per Metric Ton,Sugar
2010-12-01,618.1962252,Dollar per Metric Ton,Sugar
2010-11-01,582.4717949,Dollar per Metric Ton,Sugar
2010-10-01,594.0093199,Dollar per Metric Ton,Sugar
2010-09-01,499.7774502,Dollar per Metric Ton,Sugar
2010-08-01,410.1399757,Dollar per Metric Ton,Sugar
2010-07-01,389.9977418,Dollar per Metric Ton,Sugar
2010-06-01,359.3534874,Dollar per Metric Ton,Sugar
2010-05-01,333.008247,Dollar per Metric Ton,Sugar
2010-04-01,372.2662771,Dollar per Metric Ton,Sugar
2010-03-01,400.0910794,Dollar per Metric Ton,Sugar
2010-02-01,484.5528458,Dollar per Metric Ton,Sugar
2010-01-01,482.928387,Dollar per Metric Ton,Sugar
2009-12-01,549.0111589,Dollar per Metric Ton,Sugar
2009-11-01,501.9705248,Dollar per Metric Ton,Sugar
2009-10-01,510.6106412,Dollar per Metric Ton,Sugar
2009-09-01,517.0154994,Dollar per Metric Ton,Sugar
2009-08-01,478.8440335,Dollar per Metric Ton,Sugar
2009-07-01,392.5230367,Dollar per Metric Ton,Sugar
2009-06-01,365.4362416,Dollar per Metric Ton,Sugar
2009-05-01,340.9669347,Dollar per Metric Ton,Sugar
2009-04-01,296.952169,Dollar per Metric Ton,Sugar
2009-03-01,285.017621,Dollar per Metric Ton,Sugar
2009-02-01,293.481684,Dollar per Metric Ton,Sugar
2009-01-01,269.9339938,Dollar per Metric Ton,Sugar
2008-12-01,249.5632808,Dollar per Metric Ton,Sugar
2008-11-01,260.7720463,Dollar per Metric Ton,Sugar
2008-10-01,257.9887733,Dollar per Metric Ton,Sugar
2008-09-01,309.0985898,Dollar per Metric Ton,Sugar
2008-08-01,301.6238692,Dollar per Metric Ton,Sugar
2008-07-01,291.1805432,Dollar per Metric Ton,Sugar
2008-06-01,265.9929685,Dollar per Metric Ton,Sugar
2008-05-01,241.0702345,Dollar per Metric Ton,Sugar
2008-04-01,276.0788783,Dollar per Metric Ton,Sugar
2008-03-01,283.8782319,Dollar per Metric Ton,Sugar
2008-02-01,299.9940233,Dollar per Metric Ton,Sugar
2008-01-01,257.0484995,Dollar per Metric Ton,Sugar
2007-12-01,230.3018411,Dollar per Metric Ton,Sugar
2007-11-01,218.1694547,Dollar per Metric Ton,Sugar
2007-10-01,220.3472384,Dollar per Metric Ton,Sugar
2007-09-01,217.1785348,Dollar per Metric Ton,Sugar
2007-08-01,211.9313312,Dollar per Metric Ton,Sugar
2007-07-01,218.1631557,Dollar per Metric Ton,Sugar
2007-06-01,204.158553,Dollar per Metric Ton,Sugar
2007-05-01,200.3200282,Dollar per Metric Ton,Sugar
2007-04-01,211.5114943,Dollar per Metric Ton,Sugar
2007-03-01,228.5492188,Dollar per Metric Ton,Sugar
2007-02-01,233.063421,Dollar per Metric Ton,Sugar
2007-01-01,240.3810276,Dollar per Metric Ton,Sugar
2006-12-01,257.863685,Dollar per Metric Ton,Sugar
2006-11-01,258.646326,Dollar per Metric Ton,Sugar
2006-10-01,253.7320218,Dollar per Metric Ton,Sugar
2006-09-01,271.4662065,Dollar per Metric Ton,Sugar
2006-08-01,286.1504311,Dollar per Metric Ton,Sugar
2006-07-01,349.5870091,Dollar per Metric Ton,Sugar
2006-06-01,345.8852474,Dollar per Metric Ton,Sugar
2006-05-01,372.5912442,Dollar per Metric Ton,Sugar
2006-04-01,384.9851262,Dollar per Metric Ton,Sugar
2006-03-01,376.5974703,Dollar per Metric Ton,Sugar
2006-02-01,397.9923997,Dollar per Metric Ton,Sugar
2006-01-01,356.8622638,Dollar per Metric Ton,Sugar
2005-12-01,307.0409421,Dollar per Metric Ton,Sugar
2005-11-01,260.3218392,Dollar per Metric Ton,Sugar
2005-10-01,256.0196756,Dollar per Metric Ton,Sugar
2005-09-01,238.3302036,Dollar per Metric Ton,Sugar
2005-08-01,217.7112766,Dollar per Metric Ton,Sugar
2005-07-01,211.5886561,Dollar per Metric Ton,Sugar
2005-06-01,199.1475698,Dollar per Metric Ton,Sugar
2005-05-01,187.6448797,Dollar per Metric Ton,Sugar
2005-04-01,187.9598258,Dollar per Metric Ton,Sugar
2005-03-01,196.1011822,Dollar per Metric Ton,Sugar
2005-02-01,205.5520513,Dollar per Metric Ton,Sugar
2005-01-01,196.6964303,Dollar per Metric Ton,Sugar
2004-12-01,193.9018087,Dollar per Metric Ton,Sugar
2004-11-01,191.0525964,Dollar per Metric Ton,Sugar
2004-10-01,197.6181725,Dollar per Metric Ton,Sugar
2004-09-01,191.2352651,Dollar per Metric Ton,Sugar
2004-08-01,173.7042206,Dollar per Metric Ton,Sugar
2004-07-01,180.0231844,Dollar per Metric Ton,Sugar
2004-06-01,165.6616427,Dollar per Metric Ton,Sugar
2004-05-01,146.0011331,Dollar per Metric Ton,Sugar
2004-04-01,151.2476101,Dollar per Metric Ton,Sugar
2004-03-01,143.2142026,Dollar per Metric Ton,Sugar
2004-02-01,129.4809676,Dollar per Metric Ton,Sugar
2004-01-01,132.9503474,Dollar per Metric Ton,Sugar
2003-12-01,139.8570599,Dollar per Metric Ton,Sugar
2003-11-01,136.4906361,Dollar per Metric Ton,Sugar
2003-10-01,134.4436387,Dollar per Metric Ton,Sugar
2003-09-01,138.261333,Dollar per Metric Ton,Sugar
2003-08-01,147.9091815,Dollar per Metric Ton,Sugar
2003-07-01,148.4212075,Dollar per Metric Ton,Sugar
2003-06-01,141.2008298,Dollar per Metric Ton,Sugar
2003-05-01,154.6280314,Dollar per Metric Ton,Sugar
2003-04-01,160.0975952,Dollar per Metric Ton,Sugar
2003-03-01,172.915901,Dollar per Metric Ton,Sugar
2003-02-01,184.0492452,Dollar per Metric Ton,Sugar
2003-01-01,173.9552231,Dollar per Metric Ton,Sugar
2002-12-01,165.5230664,Dollar per Metric Ton,Sugar
2002-11-01,160.8678317,Dollar per Metric Ton,Sugar
2002-10-01,154.7645081,Dollar per Metric Ton,Sugar
2002-09-01,141.3052869,Dollar per Metric Ton,Sugar
2002-08-01,129.1207386,Dollar per Metric Ton,Sugar
2002-07-01,127.7526318,Dollar per Metric Ton,Sugar
2002-06-01,115.6545027,Dollar per Metric Ton,Sugar
2002-05-01,123.7194131,Dollar per Metric Ton,Sugar
2002-04-01,114.1593678,Dollar per Metric Ton,Sugar
2002-03-01,130.6128672,Dollar per Metric Ton,Sugar
2002-02-01,125.2921846,Dollar per Metric Ton,Sugar
2002-01-01,161.2418993,Dollar per Metric Ton,Sugar
2001-12-01,163.3625363,Dollar per Metric Ton,Sugar
2001-11-01,160.4524344,Dollar per Metric Ton,Sugar
2001-10-01,145.4188252,Dollar per Metric Ton,Sugar
2001-09-01,157.8656772,Dollar per Metric Ton,Sugar
2001-08-01,174.2610403,Dollar per Metric Ton,Sugar
2001-07-01,188.1907863,Dollar per Metric Ton,Sugar
2001-06-01,192.7470064,Dollar per Metric Ton,Sugar
2001-05-01,197.5241659,Dollar per Metric Ton,Sugar
2001-04-01,177.5185342,Dollar per Metric Ton,Sugar
2001-03-01,192.1729455,Dollar per Metric Ton,Sugar
2001-02-01,206.407793,Dollar per Metric Ton,Sugar
2001-01-01,221.7745376,Dollar per Metric Ton,Sugar
2000-12-01,214.2342033,Dollar per Metric Ton,Sugar
2000-11-01,209.7367731,Dollar per Metric Ton,Sugar
2000-10-01,229.5713621,Dollar per Metric Ton,Sugar
2000-09-01,217.3206749,Dollar per Metric Ton,Sugar
2000-08-01,233.6420714,Dollar per Metric Ton,Sugar
2000-07-01,212.5361189,Dollar per Metric Ton,Sugar
2000-06-01,183.7452745,Dollar per Metric Ton,Sugar
2000-05-01,149.4925844,Dollar per Metric Ton,Sugar
2000-04-01,132.5198658,Dollar per Metric Ton,Sugar
2000-03-01,112.6826714,Dollar per Metric Ton,Sugar
2000-02-01,117.9693565,Dollar per Metric Ton,Sugar
2000-01-01,124.1092305,Dollar per Metric Ton,Sugar
1999-12-01,131.8805252,Dollar per Metric Ton,Sugar
1999-11-01,143.4107016,Dollar per Metric Ton,Sugar
1999-10-01,148.9065108,Dollar per Metric Ton,Sugar
1999-09-01,147.148539,Dollar per Metric Ton,Sugar
1999-08-01,126.1810965,Dollar per Metric Ton,Sugar
1999-07-01,118.568613,Dollar per Metric Ton,Sugar
1999-06-01,133.1291433,Dollar per Metric Ton,Sugar
1999-05-01,126.7327314,Dollar per Metric Ton,Sugar
1999-04-01,119.5325389,Dollar per Metric Ton,Sugar
1999-03-01,132.8333056,Dollar per Metric Ton,Sugar
1999-02-01,150.2560548,Dollar per Metric Ton,Sugar
1999-01-01,178.7728529,Dollar per Metric Ton,Sugar
1998-12-01,178.063367,Dollar per Metric Ton,Sugar
1998-11-01,177.7240879,Dollar per Metric Ton,Sugar
1998-10-01,164.5249692,Dollar per Metric Ton,Sugar
1998-09-01,159.3741687,Dollar per Metric Ton,Sugar
1998-08-01,187.0044875,Dollar per Metric Ton,Sugar
1998-07-01,190.1434449,Dollar per Metric Ton,Sugar
1998-06-01,178.5443751,Dollar per Metric Ton,Sugar
1998-05-01,203.3874623,Dollar per Metric Ton,Sugar
1998-04-01,213.3373164,Dollar per Metric Ton,Sugar
1998-03-01,216.9849717,Dollar per Metric Ton,Sugar
1998-02-01,236.3245129,Dollar per Metric Ton,Sugar
1998-01-01,253.939464,Dollar per Metric Ton,Sugar
1997-12-01,271.7564855,Dollar per Metric Ton,Sugar
1997-11-01,264.8192711,Dollar per Metric Ton,Sugar
1997-10-01,250.9361593,Dollar per Metric Ton,Sugar
1997-09-01,249.8138071,Dollar per Metric Ton,Sugar
1997-08-01,257.9723378,Dollar per Metric Ton,Sugar
1997-07-01,255.1227674,Dollar per Metric Ton,Sugar
1997-06-01,251.9673684,Dollar per Metric Ton,Sugar
1997-05-01,245.3344059,Dollar per Metric Ton,Sugar
1997-04-01,249.1023237,Dollar per Metric Ton,Sugar
1997-03-01,245.6170017,Dollar per Metric Ton,Sugar
1997-02-01,238.3858381,Dollar per Metric Ton,Sugar
1997-01-01,235.7161568,Dollar per Metric Ton,Sugar
1996-12-01,236.7323754,Dollar per Metric Ton,Sugar
1996-11-01,236.4405283,Dollar per Metric Ton,Sugar
1996-10-01,245.2402982,Dollar per Metric Ton,Sugar
1996-09-01,262.6965321,Dollar per Metric Ton,Sugar
1996-08-01,272.6316479,Dollar per Metric Ton,Sugar
1996-07-01,282.3450555,Dollar per Metric Ton,Sugar
1996-06-01,268.3907534,Dollar per Metric Ton,Sugar
1996-05-01,250.8359545,Dollar per Metric Ton,Sugar
1996-04-01,264.1977745,Dollar per Metric Ton,Sugar
1996-03-01,284.3753269,Dollar per Metric Ton,Sugar
1996-02-01,282.601118,Dollar per Metric Ton,Sugar
1996-01-01,276.3193766,Dollar per Metric Ton,Sugar
1995-12-01,271.389054,Dollar per Metric Ton,Sugar
1995-11-01,264.203977,Dollar per Metric Ton,Sugar
1995-10-01,260.9671904,Dollar per Metric Ton,Sugar
1995-09-01,257.7203752,Dollar per Metric Ton,Sugar
1995-08-01,286.1791809,Dollar per Metric Ton,Sugar
1995-07-01,299.6606958,Dollar per Metric Ton,Sugar
1995-06-01,309.0981096,Dollar per Metric Ton,Sugar
1995-05-01,298.1150909,Dollar per Metric Ton,Sugar
1995-04-01,299.9447006,Dollar per Metric Ton,Sugar
1995-03-01,321.7311217,Dollar per Metric Ton,Sugar
1995-02-01,317.6310102,Dollar per Metric Ton,Sugar
1995-01-01,326.1739187,Dollar per Metric Ton,Sugar
1994-12-01,323.5231177,Dollar per Metric Ton,Sugar
1994-11-01,307.013741,Dollar per Metric Ton,Sugar
1994-10-01,281.2678439,Dollar per Metric Ton,Sugar
1994-09-01,277.6521673,Dollar per Metric Ton,Sugar
1994-08-01,266.6443183,Dollar per Metric Ton,Sugar
1994-07-01,259.5785577,Dollar per Metric Ton,Sugar
1994-06-01,265.6169355,Dollar per Metric Ton,Sugar
1994-05-01,255.2952978,Dollar per Metric Ton,Sugar
1994-04-01,242.8061171,Dollar per Metric Ton,Sugar
1994-03-01,258.5830696,Dollar per Metric Ton,Sugar
1994-02-01,238.5952883,Dollar per Metric Ton,Sugar
1994-01-01,227.0551304,Dollar per Metric Ton,Sugar
1993-12-01,231.9838131,Dollar per Metric Ton,Sugar
1993-11-01,222.0956882,Dollar per Metric Ton,Sugar
1993-10-01,226.9606444,Dollar per Metric Ton,Sugar
1993-09-01,210.2308004,Dollar per Metric Ton,Sugar
1993-08-01,205.9618586,Dollar per Metric Ton,Sugar
1993-07-01,213.2972429,Dollar per Metric Ton,Sugar
1993-06-01,229.2506997,Dollar per Metric Ton,Sugar
1993-05-01,260.7627653,Dollar per Metric Ton,Sugar
1993-04-01,245.8994085,Dollar per Metric Ton,Sugar
1993-03-01,234.2363598,Dollar per Metric Ton,Sugar
1993-02-01,188.7046676,Dollar per Metric Ton,Sugar
1993-01-01,181.6168097,Dollar per Metric Ton,Sugar
1992-12-01,179.6466907,Dollar per Metric Ton,Sugar
1992-11-01,188.7052142,Dollar per Metric Ton,Sugar
1992-10-01,191.9224475,Dollar per Metric Ton,Sugar
1992-09-01,205.3005198,Dollar per Metric Ton,Sugar
1992-08-01,217.4807604,Dollar per Metric Ton,Sugar
1992-07-01,227.3445594,Dollar per Metric Ton,Sugar
1992-06-01,228.1283684,Dollar per Metric Ton,Sugar
1992-05-01,211.9377505,Dollar per Metric Ton,Sugar
1992-04-01,208.4628359,Dollar per Metric Ton,Sugar
1992-03-01,181.8913742,Dollar per Metric Ton,Sugar
1992-02-01,172.9085508,Dollar per Metric Ton,Sugar
1992-01-01,185.7194233,Dollar per Metric Ton,Sugar
1991-12-01,198.4580017,Dollar per Metric Ton,Sugar
1991-11-01,190.3250582,Dollar per Metric Ton,Sugar
1991-10-01,201.1912413,Dollar per Metric Ton,Sugar
1991-09-01,204.9307335,Dollar per Metric Ton,Sugar
1991-08-01,211.3858044,Dollar per Metric Ton,Sugar
1991-07-01,227.5611162,Dollar per Metric Ton,Sugar
1991-06-01,202.825298,Dollar per Metric Ton,Sugar
1991-05-01,167.2889682,Dollar per Metric Ton,Sugar
1991-04-01,187.6133481,Dollar per Metric Ton,Sugar
1991-03-01,201.5024942,Dollar per Metric Ton,Sugar
1991-02-01,187.6133481,Dollar per Metric Ton,Sugar
1991-01-01,194.0067739,Dollar per Metric Ton,Sugar
1990-12-01,214.7302804,Dollar per Metric Ton,Sugar
1990-11-01,221.785066,Dollar per Metric Ton,Sugar
1990-10-01,207.0140507,Dollar per Metric Ton,Sugar
1990-09-01,242.9494231,Dollar per Metric Ton,Sugar
1990-08-01,240.9652594,Dollar per Metric Ton,Sugar
1990-07-01,264.5547146,Dollar per Metric Ton,Sugar
1990-06-01,285.939581,Dollar per Metric Ton,Sugar
1990-05-01,322.3158037,Dollar per Metric Ton,Sugar
1990-04-01,335.9845246,Dollar per Metric Ton,Sugar
1990-03-01,337.5277536,Dollar per Metric Ton,Sugar
1990-02-01,322.9772478,Dollar per Metric Ton,Sugar
1990-01-01,313.0564291,Dollar per Metric Ton,Sugar
